"past_spend","age","time_web","voucher","spend","ad_channel1","ad_channel2","ad_channel3","ad_channel4"
6,35,103,0,52,0,1,0,0
16,34,107,0,49,0,1,0,0
10,35,89,0,46,0,1,0,0
14,33,87,1,43,0,0,0,1
12,35,87,0,40,0,1,0,0
22,35,78,1,44,0,1,0,0
16,29,68,0,29,0,0,0,1
6,31,106,0,41,1,0,0,0
31,37,93,0,54,0,0,1,0
3,35,89,0,42,0,0,1,0
0,31,104,0,31,0,0,0,1
4,37,88,0,47,1,0,0,0
0,35,75,0,33,0,0,0,1
18,34,95,0,47,0,0,0,1
31,36,71,0,49,1,0,0,0
15,38,44,0,36,0,0,1,0
27,35,85,0,45,1,0,0,0
14,37,77,1,44,1,0,0,0
0,35,42,1,28,0,1,0,0
22,36,94,0,54,0,1,0,0
7,32,83,0,45,0,0,1,0
23,32,86,0,42,1,0,0,0
31,29,49,0,24,1,0,0,0
0,29,79,0,25,0,1,0,0
11,29,74,0,27,0,0,0,1
9,29,68,0,22,0,1,0,0
8,34,28,1,21,1,0,0,0
38,38,64,1,49,0,0,0,1
4,28,101,0,38,0,0,0,1
12,33,105,0,47,0,1,0,0
8,34,51,0,33,1,0,0,0
20,31,61,0,31,1,0,0,0
5,35,91,1,43,0,0,1,0
0,31,82,0,34,0,0,1,0
16,31,70,0,33,0,1,0,0
0,34,95,0,43,0,0,0,1
37,38,98,0,64,0,1,0,0
21,39,90,0,50,0,1,0,0
30,35,92,0,53,0,1,0,0
13,33,92,1,42,0,1,0,0
5,43,78,0,49,0,0,1,0
8,32,99,0,45,0,0,1,0
3,34,95,0,41,0,0,1,0
30,36,103,0,61,0,0,0,1
12,35,94,0,50,0,1,0,0
19,37,84,0,46,1,0,0,0
20,34,78,0,42,0,1,0,0
25,25,60,0,26,1,0,0,0
9,39,79,0,45,0,0,1,0
32,38,94,0,59,0,0,0,1
12,30,93,0,39,0,0,0,1
22,33,82,0,39,0,0,1,0
5,35,86,0,41,1,0,0,0
0,31,81,0,31,1,0,0,0
22,39,93,1,54,0,1,0,0
0,27,87,0,28,0,1,0,0
0,35,100,0,41,0,0,1,0
19,34,76,0,43,0,1,0,0
17,31,89,0,38,1,0,0,0
18,39,74,0,46,1,0,0,0
34,35,89,0,49,0,1,0,0
10,36,100,0,51,0,1,0,0
6,24,83,0,24,1,0,0,0
10,31,69,0,27,0,0,0,1
14,35,72,0,34,0,1,0,0
38,36,65,1,46,0,0,1,0
2,34.1399798590131,106,0,49,1,0,0,0
16,39,78,0,46,0,0,1,0
10,36,76,0,43,1,0,0,0
20,38,92,0,52,1,0,0,0
28,34,98,0,54,1,0,0,0
28,40,85,0,53,0,1,0,0
10,32,86,1,38,0,0,0,1
9,29,68,1,30,0,0,1,0
9,37,79,0,40,0,0,1,0
0,31,99,0,39,0,1,0,0
30,30,81,0,43,1,0,0,0
8,37,92,0,51,0,1,0,0
0,43,73,0,51,1,0,0,0
0,32,92,1,33,0,1,0,0
11,36,93,0,45,0,1,0,0
35,44,57,0,59,0,1,0,0
17,27,73,0,30,0,0,0,1
4,37,60,0,30,0,0,1,0
12,31,79,0,33,1,0,0,0
5,32,115,0,48,0,0,1,0
31,32,69,0,43,0,0,1,0
15,38,94,0,54,0,1,0,0
26,28,94,0,39,0,0,1,0
31,38,84,0,57,0,0,1,0
30,37,68,0,47,0,0,1,0
12,32,77,0,33,0,0,1,0
0,41,107,1,57,0,0,1,0
35,34,94,0,49,0,0,0,1
6,34,82,1,33,1,0,0,0
12,32,66,1,30,1,0,0,0
0,28,97,0,27,0,1,0,0
10,31,85,0,36,0,1,0,0
28,32,76,0,41,0,1,0,0
0,32,93,0,33,0,0,0,1
9,32,107,0,47,0,0,0,1
35,38,79,0,53,0,0,0,1
9,32,93,0,40,0,0,1,0
17,42,87,0,58,1,0,0,0
18,33,74,0,35,0,0,0,1
4,41,73,0,44,1,0,0,0
13,37,82,1,45,0,0,1,0
18,26,67,1,26,1,0,0,0
0,36,87,1,39,1,0,0,0
32,37,85,0,53,0,0,1,0
35,41,89,0,58,0,0,1,0
9,30,86,1,36,0,0,0,1
0,30,63,0,19,0,0,1,0
27,37,101,0,50,0,0,1,0
35,36,98,0,56,0,1,0,0
0,42,78,0,44,1,0,0,0
16,32,90,0,42,0,1,0,0
14,32,75,0,34,0,0,0,1
8,38,72,0,36,1,0,0,0
11,41,95,1,56,1,0,0,0
18,31,49,0,32,0,0,1,0
28,35,102,1,52,0,0,0,1
12,28,87,0,41,0,0,1,0
28,31,102,0,53,0,1,0,0
17,27,56,1,22,1,0,0,0
31,40,56,0,39,0,0,1,0
9,33,96,1,44,0,1,0,0
12,36,98,0,47,0,0,1,0
2,40,76,0,45,1,0,0,0
17,36,64,0,35,0,0,0,1
7,36,97,1,45,1,0,0,0
8,32,81,0,40,1,0,0,0
0,43,94,0,55,0,0,1,0
0,34,84,1,37,0,0,1,0
26,39,67,0,50,0,0,0,1
0,39,85,1,45,0,1,0,0
0,28,62,0,25,1,0,0,0
21,24,82,1,27,0,0,0,1
8,34,62,0,28,0,0,1,0
7,30,88,0,32,0,1,0,0
0,36,81,0,40,0,0,1,0
15,34,83,0,37,0,1,0,0
12,33,88,0,41,1,0,0,0
11,31,81,0,33,0,0,1,0
13,35,65,0,32,1,0,0,0
12,41,88,1,56,0,0,0,1
26,27,103,0,43,1,0,0,0
27,26,92,0,38,1,0,0,0
1,31,90,0,33,0,1,0,0
8,39,63,0,42,1,0,0,0
14,38,74,1,39,1,0,0,0
0,34,88,0,39,0,0,1,0
7,34,118,0,57,1,0,0,0
10,39,74,1,44,0,1,0,0
26,34,95,0,53,0,1,0,0
8,33,89,0,36,0,0,0,1
15,33,39,0,27,1,0,0,0
44,37,77,0,55,0,0,0,1
0,39,88,0,43,0,0,1,0
6,38,84,0,40,1,0,0,0
21,34,71,0,40,0,0,1,0
21,26,96,0,41,0,0,1,0
40,30,78,0,43,1,0,0,0
31,38,86,1,59,0,1,0,0
38,30,79,0,44,0,0,1,0
0,33,89,1,36,0,0,0,1
12,37,87,0,46,0,0,1,0
4,31,97,0,42,1,0,0,0
9,33,51,0,30,0,0,1,0
0,34.1399798590131,60,0,35,0,0,1,0
0,35,59,0,29,0,1,0,0
13,36,93,0,53,1,0,0,0
22,27,88,0,37,0,1,0,0
11,34,85,0,39,0,1,0,0
26,38,101,0,59,0,1,0,0
0,31,75,0,23,0,0,0,1
18,32,81,1,35,0,0,1,0
22,29,92,1,45,0,1,0,0
0,29,91,0,26,0,0,0,1
6,32,87,0,33,0,1,0,0
0,32,47,1,14,0,0,0,1
9,34,83,0,39,0,1,0,0
0,32,86,1,33,0,0,1,0
25,36,82,0,55,1,0,0,0
13,34,104,0,48,0,1,0,0
20,35,77,0,44,0,0,1,0
16,38,86,0,47,0,0,1,0
26,40,79,0,59,0,0,1,0
19,32,95,0,39,1,0,0,0
4,35,84,0,35,0,0,0,1
12,30,90,0,21,0,1,0,0
3,36,92,0,43,0,0,0,1
8,32,46,1,25,1,0,0,0
21,36,103,0,55,0,0,1,0
17,28,104,0,41,1,0,0,0
0,35,104,0,47,1,0,0,0
18,30,48,0,23,0,0,0,1
4,34,64,0,25,0,0,1,0
0,39,70,0,39,0,0,0,1
24,34,75,0,43,0,1,0,0
10,36,97,1,48,1,0,0,0
14,36,78,0,40,0,0,1,0
0,37,87,1,37,0,0,0,1
23,35,102,1,50,0,0,1,0
17,28,92,0,36,1,0,0,0
26,32,95,0,43,0,0,1,0
12,43,83,0,59,0,0,1,0
11,34,66,1,34,1,0,0,0
1,37,30,0,23,0,1,0,0
10,27,74,0,29,1,0,0,0
18,31,89,0,40,0,0,0,1
19,31,89,0,41,0,1,0,0
16,32,96,1,46,0,1,0,0
0,40,96,1,49,1,0,0,0
2,33,101,1,41,0,0,0,1
7,33,100,0,40,0,0,0,1
6,36,69,0,37,0,0,0,1
7,35,56,0,29,0,0,1,0
28,28,76,1,35,0,1,0,0
28,33,77,0,47,0,0,1,0
3,34,81,1,41,0,0,0,1
6,39,80,0,39,0,0,1,0
9,35,84,0,45,0,0,1,0
22,36,73,0,42,0,0,0,1
18,41,73,1,47,1,0,0,0
0,33,68,1,27,0,1,0,0
15,36,71,0,44,0,0,1,0
4,34,60,0,29,1,0,0,0
3,40,97,0,50,0,1,0,0
4,34,84,0,41,0,1,0,0
5,35,82,0,34,0,1,0,0
39,37,92,1,50,0,0,0,1
22,31,89,1,41,0,1,0,0
0,38,114,1,56,1,0,0,0
17,28,64,1,30,0,0,0,1
16,33,89,0,43,1,0,0,0
0,32,68,0,33,0,0,1,0
0,38,55,1,23,0,0,1,0
12,31,84,0,40,0,0,1,0
16,32,96,0,46,1,0,0,0
5,29,99,0,39,0,0,1,0
16,38,85,1,48,0,1,0,0
14,33,85,0,46,0,0,1,0
13,35,76,0,37,0,0,1,0
0,39,99,0,49,1,0,0,0
4,37,99,0,50,0,0,1,0
22,35,109,1,57,0,1,0,0
0,41,78,0,48,1,0,0,0
0,36,74,1,41,0,0,1,0
13,33,88,1,45,0,0,1,0
4,34,83,1,36,0,0,1,0
34,35,88,0,42,0,0,1,0
11,31,83,1,35,0,0,1,0
22,35,87,0,46,0,0,1,0
0,35,99,0,41,1,0,0,0
21,34,84,1,45,0,1,0,0
0,34,89,1,39,0,0,0,1
11,27,77,1,24,0,0,0,1
6,34,88,0,44,0,0,1,0
27,32,69,0,35,0,1,0,0
8,39,63,0,40,0,1,0,0
7,41,72,0,43,0,0,1,0
16,40,84,0,46,1,0,0,0
34,37,83,0,51,0,0,1,0
21,35,91,0,47,0,0,1,0
7,36,90,0,44,1,0,0,0
22,28,97,0,42,0,0,1,0
0,25,87,0,20,0,0,0,1
22,26,86,0,29,0,1,0,0
31,34,66,0,32,1,0,0,0
30,29,85,0,41,0,0,1,0
19,34,56,0,27,1,0,0,0
0,34,106,0,40,0,0,0,1
28,33,90,1,50,0,0,1,0
40,42,95,0,65,0,1,0,0
20,32,87,0,40,1,0,0,0
19,34,78,1,47,0,0,1,0
20,24,77,0,21,0,0,0,1
15,30,78,0,33,1,0,0,0
0,37,106,0,47,0,0,0,1
22,28,93,0,40,1,0,0,0
31,32,100,0,51,1,0,0,0
17,33,68,0,30,0,1,0,0
16,31,85,0,34,0,0,1,0
0,37,46,0,35,0,0,1,0
4,34,100,0,44,0,0,1,0
0,38,71,0,31,0,1,0,0
5,33,67,0,25,0,1,0,0
30,37,61,0,48,0,1,0,0
10,24,66,1,18,0,0,0,1
9,41,101,0,59,1,0,0,0
14,35,29,0,32,0,0,1,0
0,33,91,0,39,0,0,0,1
22,36,25,0,29,0,1,0,0
19,39,99,0,59,0,0,0,1
26,31,94,0,37,0,0,0,1
7,35,92,0,44,0,1,0,0
18,38,91,0,47,0,0,1,0
5,33,82,1,34,0,0,0,1
19,35,80,0,44,1,0,0,0
7,37,101,0,51,1,0,0,0
19,28,62,0,30,0,0,1,0
20,37,107,0,55,1,0,0,0
12,30,88,0,32,0,0,1,0
9,36,98,0,47,0,1,0,0
5,34,55,0,25,0,0,0,1
27,33,75,0,42,0,1,0,0
0,37,75,0,42,0,0,0,1
23,43,67,0,49,0,0,0,1
10,34,89,0,39,0,0,0,1
0,34,75,0,38,1,0,0,0
1,38,96,0,49,0,1,0,0
7,32,97,1,34,0,1,0,0
0,32,92,0,34,0,0,0,1
18,28,83,1,39,0,1,0,0
5,31,91,0,39,0,1,0,0
0,34,87,0,40,0,1,0,0
14,31,79,0,27,1,0,0,0
37,33,100,1,55,0,1,0,0
23,33,80,0,44,0,1,0,0
8,36,71,1,37,0,0,0,1
12,41,94,1,51,1,0,0,0
26,36,64,1,43,0,0,1,0
3,33,76,0,34,0,0,1,0
6,28,93,0,32,0,0,1,0
0,37,96,1,39,0,1,0,0
30,34,49,0,36,0,1,0,0
14,33,85,0,40,0,0,1,0
4,37,50,1,34,1,0,0,0
18,37,96,1,54,0,0,0,1
0,32,95,0,41,1,0,0,0
0,36,99,0,46,0,1,0,0
9,32,20,0,21,1,0,0,0
8,31,51,0,24,0,1,0,0
0,31,79,0,28,1,0,0,0
0,34,85,1,33,1,0,0,0
29,35,88,1,45,0,0,1,0
13,33,41,1,25,0,0,1,0
13,30,67,0,31,0,1,0,0
13,43,64,0,51,0,1,0,0
15,34,75,0,41,0,0,1,0
21,35,89,0,45,1,0,0,0
32,33,83,1,46,1,0,0,0
9,35,78,1,42,1,0,0,0
0,28,97,0,33,0,0,1,0
9,32,94,1,39,1,0,0,0
10,38,89,0,45,0,0,1,0
13,35,53,0,33,1,0,0,0
33,32,68,0,39,0,0,1,0
14,34,65,0,31,1,0,0,0
6,40,52,0,34,1,0,0,0
6,31,107,0,51,1,0,0,0
26,33,98,0,48,0,1,0,0
12,34,93,0,52,1,0,0,0
0,28,74,1,21,0,1,0,0
8,30,73,0,34,0,0,1,0
13,39,100,0,53,1,0,0,0
5,41,88,1,51,1,0,0,0
15,43,105,0,68,0,1,0,0
15,37,73,0,38,0,1,0,0
25,33,102,1,48,1,0,0,0
7,35,0,0,20,0,1,0,0
27,38,80,0,47,0,0,0,1
6,38,72,0,39,0,0,1,0
20,32,83,1,47,1,0,0,0
8,31,109,0,49,0,1,0,0
11,33,79,0,37,0,0,0,1
17,37,100,0,49,0,1,0,0
11,39,84,0,48,0,0,0,1
10,30,78,1,25,0,0,1,0
16,36,71,1,40,0,0,0,1
0,32,91,1,37,0,0,0,1
3,37,75,0,40,0,1,0,0
25,32,99,0,48,0,1,0,0
3,31,83,0,23,0,0,1,0
38,35,70,0,43,0,1,0,0
8,26,39,0,13,1,0,0,0
16,41,62,0,45,0,1,0,0
0,34,80,0,33,0,1,0,0
8,36,104,0,46,1,0,0,0
14,35,94,1,44,1,0,0,0
12,36,95,1,46,1,0,0,0
5,34,60,0,33,0,1,0,0
19,35,88,0,46,0,1,0,0
27,30,103,0,46,0,1,0,0
8,37,69,0,36,0,0,1,0
0,36,99,0,40,1,0,0,0
16,31,99,1,45,0,0,1,0
44,36,77,0,53,0,0,1,0
0,32,54,0,31,0,0,1,0
19,27,91,1,36,0,0,1,0
19,37,68,0,48,0,0,0,1
27,32,70,0,36,0,1,0,0
15,34,84,0,42,0,0,1,0
24,32,61,0,37,0,0,0,1
10,35,87,0,41,0,1,0,0
9,30,44,0,27,0,1,0,0
19,26,98,0,36,0,0,1,0
0,34,89,0,37,0,1,0,0
32,37,71,0,54,0,0,1,0
9,32,94,1,39,1,0,0,0
25,31,85,0,38,1,0,0,0
14,37,86,0,46,0,1,0,0
0,30,62,1,17,0,1,0,0
34,39,81,0,57,0,0,1,0
0,31,97,0,34,0,0,0,1
0,30,63,0,32,1,0,0,0
7,34,75,0,34,0,0,1,0
14,36,79,0,44,0,0,0,1
12,38,92,0,55,1,0,0,0
23,32,97,1,45,1,0,0,0
10,37,81,1,41,0,1,0,0
16,31,98,0,46,0,0,1,0
6,35,92,0,47,0,0,1,0
17,41,83,0,50,0,0,0,1
28,40,69,0,49,0,1,0,0
19,33,73,1,38,0,1,0,0
13,37,98,0,46,1,0,0,0
24,39,82,0,49,0,0,0,1
20,26,85,0,32,0,0,0,1
27,36,85,1,49,0,0,0,1
20,44,90,1,57,0,0,1,0
18,42,45,1,41,0,0,0,1
11,36,74,0,43,1,0,0,0
7,36,84,0,42,0,0,0,1
8,33,95,0,42,0,0,0,1
10,28,55,0,23,0,0,0,1
28,28,28,0,16,0,0,0,1
0,32,75,0,25,0,0,1,0
4,37,74,0,36,0,1,0,0
0,29,86,0,27,0,0,0,1
3,34,105,1,45,0,0,0,1
14,35,96,1,54,1,0,0,0
0,35,97,0,39,1,0,0,0
27,25,74,0,28,0,1,0,0
7,33,84,1,41,0,0,1,0
27,27,80,0,39,0,1,0,0
6,34,65,0,29,1,0,0,0
46,37,82,0,53,0,1,0,0
19,35,92,0,49,1,0,0,0
0,33,5,0,18,0,0,0,1
22,35,59,0,36,1,0,0,0
12,30,95,0,37,0,0,1,0
23,34,83,1,40,0,0,1,0
7,33,98,0,42,0,0,1,0
0,32,101,1,35,0,1,0,0
15,31,94,0,40,0,0,1,0
10,32,83,1,35,0,0,1,0
7,38,59,0,37,0,0,0,1
0,31,90,0,30,0,1,0,0
0,35,87,0,36,0,0,1,0
22,30,54,1,27,0,0,1,0
13,36,97,0,53,0,0,0,1
9,31,94,1,39,0,1,0,0
13,29,97,0,44,0,0,0,1
12,30,83,0,36,0,1,0,0
28,42,83,0,59,0,0,1,0
12,38,77,0,37,1,0,0,0
25,38,73,0,49,0,0,0,1
20,34,86,1,48,0,1,0,0
4,36,95,1,40,1,0,0,0
29,35,84,0,47,0,0,0,1
0,36,101,0,48,0,1,0,0
0,41,77,0,37,0,0,1,0
0,36,90,0,39,1,0,0,0
24,33,74,0,32,1,0,0,0
5,33,78,1,34,0,0,1,0
29,30,83,0,38,0,0,0,1
3,32,89,0,34,0,0,0,1
10,27,94,0,30,0,1,0,0
10,44,85,0,57,0,1,0,0
13,41,31,0,39,0,0,1,0
0,31,93,0,35,0,1,0,0
23,36,62,0,39,0,1,0,0
17,31,77,0,36,0,1,0,0
3,28,60,0,22,0,0,1,0
14,46,93,0,57,0,0,0,1
14,41,74,0,54,0,1,0,0
42,32,57,0,35,0,0,1,0
0,35,99,1,38,0,1,0,0
24,30,109,1,53,0,0,0,1
8,40,87,0,46,0,0,0,1
22,31,76,0,35,1,0,0,0
15,31,85,1,32,1,0,0,0
23,32,65,0,34,0,0,0,1
4,35,76,1,36,1,0,0,0
34,29,81,1,42,0,1,0,0
7,35,81,0,33,0,0,0,1
16,39,96,1,56,0,0,1,0
1,41,81,1,43,0,0,1,0
0,40,43,0,33,0,0,0,1
17,32,92,0,43,0,1,0,0
13,34,83,0,37,1,0,0,0
18,32,50,0,27,1,0,0,0
17,29,80,0,32,1,0,0,0
31,32,95,0,50,0,1,0,0
9,32,81,0,32,0,1,0,0
24,37,76,0,45,0,0,1,0
22,36,54,0,31,0,0,1,0
3,36,84,0,41,0,0,0,1
11,34,78,0,40,0,1,0,0
12,30,78,0,32,0,0,0,1
0,37,87,1,44,0,0,1,0
26,35,90,0,48,0,1,0,0
7,34,76,0,38,1,0,0,0
23,36,72,0,44,0,1,0,0
8,37,80,0,49,0,1,0,0
0,33,99,1,36,1,0,0,0
12,32,67,0,32,0,1,0,0
24,37,79,1,46,0,1,0,0
14,37,87,0,45,0,1,0,0
5,35,100,0,47,0,0,0,1
8,31,87,1,32,0,1,0,0
16,28,71,0,30,0,1,0,0
13,35,93,0,45,0,0,0,1
11,36,91,0,49,0,1,0,0
6,40,59,0,36,0,1,0,0
13,31,100,0,43,0,0,1,0
18,22,80,0,23,0,0,1,0
9,35,76,1,44,0,0,1,0
17,31,72,0,34,0,1,0,0
0,35,103,0,52,0,0,1,0
19,35,51,1,36,0,1,0,0
11,39,96,0,53,1,0,0,0
17,37,76,0,43,0,0,0,1
12,32,83,0,29,0,0,0,1
12,36,71,0,39,0,0,1,0
25,41,97,0,57,0,0,1,0
20,31,83,0,32,0,0,1,0
23,40,74,0,50,0,0,0,1
10,37,85,0,39,0,0,1,0
23,35,91,0,43,0,1,0,0
12,38,96,0,52,0,1,0,0
20,32,78,0,35,0,1,0,0
7,31,82,1,32,0,1,0,0
16,30,78,0,33,1,0,0,0
5,34,89,0,43,0,1,0,0
22,41,56,0,43,0,0,0,1
12,36,59,1,33,0,1,0,0
24,31,74,0,38,0,1,0,0
14,35,37,0,31,0,1,0,0
15,32,68,0,36,0,0,1,0
30,32,82,0,46,0,0,1,0
7,31,89,0,41,0,0,0,1
10,34,98,1,45,1,0,0,0
23,32,78,0,39,0,0,0,1
10,35,80,0,46,0,0,0,1
6,33,105,0,46,0,1,0,0
8,32,75,0,38,0,0,1,0
30,35,77,1,51,1,0,0,0
0,37,86,1,39,0,1,0,0
9,28,92,0,30,1,0,0,0
30,40,96,0,57,0,0,1,0
17,35,83,1,44,0,1,0,0
14,29,87,1,36,0,1,0,0
2,37,91,1,43,0,0,1,0
0,37,92,0,36,0,0,0,1
35,37,83,0,52,1,0,0,0
31,36,98,0,50,1,0,0,0
21,33,84,1,44,0,1,0,0
1,39,45,0,33,1,0,0,0
1,27,45,0,21,1,0,0,0
12,31,91,1,37,0,0,1,0
13,33,90,0,42,0,0,1,0
10,29,79,0,31,0,0,0,1
1,30,85,0,30,0,0,1,0
18,36,58,0,36,0,1,0,0
0,29,42,0,16,0,0,0,1
10,37,54,0,33,0,0,0,1
26,33,75,1,41,0,0,0,1
5,47,93,1,59,0,0,0,1
0,30,58,0,23,1,0,0,0
11,27,87,0,28,1,0,0,0
2,31,70,0,29,0,1,0,0
10,35,94,0,43,1,0,0,0
17,37,80,0,46,0,0,0,1
15,29,73,0,29,1,0,0,0
33,37,70,0,46,0,0,0,1
9,34,92,0,44,0,0,0,1
30,34,63,0,41,0,0,0,1
16,31,85,0,35,1,0,0,0
10,37,86,0,47,1,0,0,0
25,32,81,0,43,0,0,1,0
3,34,70,0,33,1,0,0,0
21,31,99,0,41,0,0,1,0
0,38,86,0,38,0,1,0,0
13,38,104,0,53,0,0,0,1
0,39,69,0,40,0,0,1,0
11,35,72,1,38,0,1,0,0
4,41,97,1,53,0,0,1,0
1,30,73,0,25,0,0,1,0
29,38,92,0,55,0,1,0,0
32,31,87,1,43,0,0,1,0
9,35,84,0,42,0,0,1,0
5,36,84,0,43,0,0,1,0
10,33,66,1,36,0,1,0,0
22,34.1399798590131,67,0,41,0,0,0,1
23,37,68,0,43,0,0,0,1
0,36,74,0,28,0,0,0,1
0,35,63,0,35,0,1,0,0
8,32,89,0,38,0,1,0,0
18,28,51,0,27,0,0,1,0
11,34,98,0,45,0,0,0,1
11,31,52,0,24,0,1,0,0
31,37,92,0,60,0,0,0,1
30,39,86,0,55,1,0,0,0
2,30,91,0,37,0,0,1,0
7,37,77,1,35,0,1,0,0
20,31,93,0,46,0,0,0,1
7,37,103,0,50,0,0,1,0
0,32,10,1,13,0,1,0,0
12,33,72,1,29,0,0,1,0
14,35,82,0,44,0,0,1,0
20,38,93,0,49,0,1,0,0
25,37,76,0,43,1,0,0,0
21,29,94,0,37,0,1,0,0
39,34,87,0,48,0,1,0,0
0,29,92,1,29,0,1,0,0
7,37,95,0,49,0,0,0,1
44,39,94,0,58,0,1,0,0
23,31,86,0,37,0,0,0,1
37,34,89,0,48,0,0,0,1
23,29,52,0,30,1,0,0,0
11,29,66,0,28,1,0,0,0
0,32,112,0,46,1,0,0,0
7,32,75,0,28,0,0,0,1
3,33,82,1,38,0,1,0,0
12,33,86,0,35,1,0,0,0
0,28,73,0,23,1,0,0,0
18,35,88,1,43,0,1,0,0
3,37,82,0,43,0,0,0,1
5,37,78,0,38,0,1,0,0
10,35,96,1,44,0,0,1,0
4,35,70,1,35,0,1,0,0
20,34,51,0,33,1,0,0,0
14,30,98,0,43,1,0,0,0
4,30,77,0,30,1,0,0,0
10,32,93,1,39,1,0,0,0
16,29,100,0,38,0,0,1,0
38,38,95,0,60,0,0,0,1
24,30,102,0,43,0,1,0,0
23,35,63,0,39,1,0,0,0
12,34,60,0,37,0,1,0,0
21,35,98,0,50,0,0,0,1
16,32,88,0,47,0,0,1,0
16,25,103,0,35,0,1,0,0
0,34,56,0,24,1,0,0,0
22,37,88,0,50,1,0,0,0
6,33,101,1,45,0,1,0,0
5,36,86,1,43,0,0,1,0
0,38,83,0,46,1,0,0,0
4,37,107,0,52,0,0,1,0
31,25,96,0,39,0,0,1,0
0,35,65,0,26,0,0,0,1
27,33,88,0,45,0,1,0,0
15,41,75,0,50,0,0,1,0
24,39,82,0,52,0,0,0,1
2,38,91,0,42,0,0,0,1
18,40,85,0,51,0,1,0,0
1,29,72,0,24,1,0,0,0
17,43,90,0,59,1,0,0,0
0,27,46,0,17,0,1,0,0
0,35,82,0,37,0,0,0,1
1,44,79,0,47,0,0,1,0
32,29,112,0,49,1,0,0,0
18,36,92,1,49,0,0,1,0
19,30,98,0,41,1,0,0,0
19,33,76,0,34,0,0,1,0
27,40,49,1,42,0,1,0,0
6,35,75,0,35,0,0,0,1
0,33,91,1,41,0,0,1,0
14,43,85,0,57,1,0,0,0
13,37,88,0,43,0,0,1,0
8,28,89,0,31,0,0,0,1
17,37,69,0,41,1,0,0,0
8,30,85,0,30,0,0,1,0
11,37,89,0,54,0,1,0,0
15,32,59,0,31,0,0,1,0
12,32,71,0,36,0,1,0,0
8,39,61,0,43,0,0,1,0
9,37,66,1,33,0,0,1,0
16,38,84,1,49,0,1,0,0
0,38,58,0,29,0,0,1,0
12,33,83,0,41,0,1,0,0
0,35,91,0,40,0,1,0,0
14,30,74,0,27,0,0,1,0
6,38,78,0,43,0,0,0,1
19,37,93,1,55,0,0,0,1
31,34,69,0,44,0,0,1,0
0,38,77,1,32,0,0,1,0
0,35,96,0,40,1,0,0,0
17,31,124,0,62,0,0,0,1
27,38,96,0,53,0,1,0,0
9,27,106,0,40,1,0,0,0
15,32,100,1,49,0,1,0,0
14,38,70,0,42,0,1,0,0
26,28,77,0,36,0,0,0,1
14,27,79,1,28,0,0,1,0
0,36,95,0,38,0,1,0,0
4,34,69,1,30,0,0,0,1
18,38,66,0,41,1,0,0,0
21,37,97,0,54,0,1,0,0
7,37,100,0,50,0,0,0,1
8,32,91,0,40,0,0,0,1
12,38,78,0,44,0,1,0,0
0,29,85,0,22,0,1,0,0
12,36,91,0,46,0,0,0,1
0,33,80,0,31,0,0,0,1
8,38,89,0,49,0,0,0,1
13,30,97,0,38,0,0,1,0
20,39,51,1,36,0,0,0,1
23,41,106,1,64,0,0,1,0
24,29,101,0,44,0,1,0,0
8,38,76,0,38,1,0,0,0
0,34,83,0,38,0,1,0,0
0,37,52,0,35,0,1,0,0
16,32,91,0,45,0,0,1,0
0,33,104,0,45,0,0,0,1
8,37,80,0,45,1,0,0,0
20,34,98,0,51,0,0,1,0
9,33,90,0,38,0,0,1,0
34,34,84,0,43,1,0,0,0
17,38,86,1,48,0,1,0,0
8,36,112,0,62,0,0,1,0
9,29,75,0,26,0,0,1,0
8,36,79,0,41,1,0,0,0
13,38,76,0,46,0,0,0,1
22,37,83,0,53,1,0,0,0
2,39,85,0,47,0,0,1,0
11,38,94,0,50,0,1,0,0
9,34,79,0,33,1,0,0,0
6,33,74,0,32,0,0,0,1
15,30,95,0,38,0,0,0,1
7,31,86,0,34,0,0,1,0
5,35,63,0,36,0,0,0,1
11,33,77,0,34,0,0,0,1
16,33,72,0,34,1,0,0,0
7,35,73,0,40,0,0,0,1
16,36,77,0,47,0,0,0,1
24,33,86,0,43,0,1,0,0
19,30,74,0,28,1,0,0,0
7,35,74,0,39,0,0,0,1
5,26,99,0,32,0,0,1,0
6,35,97,0,44,0,1,0,0
22,37,94,0,56,0,0,1,0
18,28,17,0,20,0,0,0,1
22,34,70,1,45,0,1,0,0
8,33,112,0,58,0,0,0,1
7,30,51,0,22,0,1,0,0
12,33,68,0,29,0,1,0,0
0,35,98,1,42,0,0,1,0
0,25,86,1,27,0,0,0,1
26,42,71,0,51,1,0,0,0
0,33,77,0,30,0,0,1,0
0,33,85,0,34,0,0,1,0
18,38,79,0,48,0,1,0,0
40,34,73,0,46,0,1,0,0
23,41,82,0,53,0,0,1,0
31,39,91,0,61,0,0,0,1
0,28,83,0,25,0,0,0,1
22,35,71,0,47,0,0,1,0
19,32,75,0,35,0,1,0,0
12,30,71,0,34,0,1,0,0
8,29,69,0,23,0,1,0,0
6,40,88,0,45,1,0,0,0
26,28,57,1,26,0,0,1,0
16,25,95,0,36,0,1,0,0
13,39,84,0,54,1,0,0,0
1,34,55,0,30,1,0,0,0
10,37,64,1,40,1,0,0,0
22,32,72,0,40,0,1,0,0
6,35,78,0,41,0,0,0,1
18,33,97,0,42,0,0,0,1
10,35,79,1,43,0,1,0,0
0,36,100,0,43,1,0,0,0
0,40,75,0,39,0,0,1,0
0,36,76,0,38,0,0,1,0
10,35,92,1,41,1,0,0,0
0,34,75,0,34,0,1,0,0
12,27,44,0,17,1,0,0,0
24,30,76,1,39,0,0,0,1
17,33,59,0,36,1,0,0,0
17,20,101,0,32,0,0,0,1
19,29,90,0,37,1,0,0,0
7,38,52,0,36,1,0,0,0
0,34,69,0,35,0,0,0,1
24,35,77,0,41,0,0,1,0
16,32,109,0,52,0,1,0,0
16,38,86,1,46,0,1,0,0
14,39,107,0,59,1,0,0,0
33,35,76,0,45,1,0,0,0
0,41,63,0,38,0,1,0,0
4,23,112,1,41,0,1,0,0
24,35,91,0,56,0,1,0,0
36,34,92,0,57,1,0,0,0
27,33,89,0,46,0,1,0,0
7,30,79,0,31,1,0,0,0
15,27,92,1,34,0,0,1,0
0,41,92,0,47,0,0,1,0
12,41,81,0,49,0,0,1,0
22,35,107,0,60,0,1,0,0
22,36,97,0,48,0,0,1,0
1,33,42,0,23,0,1,0,0
2,29,24,0,13,1,0,0,0
23,35,102,0,52,0,1,0,0
16,32,96,0,48,0,0,0,1
6,31,69,0,26,1,0,0,0
0,31,86,0,30,1,0,0,0
0,35,93,0,44,0,1,0,0
13,31,83,0,32,0,0,1,0
0,34,79,0,31,0,0,1,0
38,35,58,0,47,0,0,1,0
23,28,92,0,34,0,0,1,0
16,33,82,0,41,1,0,0,0
21,34,89,0,45,0,0,1,0
20,39,78,0,46,0,0,1,0
21,30,84,0,40,0,0,0,1
5,39,54,0,35,0,0,1,0
17,33,94,1,41,1,0,0,0
3,30,85,1,32,0,1,0,0
0,26,69,0,20,0,0,1,0
26,36,87,0,46,0,0,1,0
23,35,74,0,43,0,1,0,0
6,31,100,0,37,0,1,0,0
23,40,70,0,50,0,0,1,0
19,40,61,0,44,0,1,0,0
0,31,53,0,19,0,0,0,1
0,33,82,0,30,1,0,0,0
17,34,81,1,47,1,0,0,0
0,36,92,0,43,0,0,1,0
31,35,86,0,51,0,1,0,0
35,27,64,0,27,0,0,0,1
28,30,102,0,50,1,0,0,0
26,33,70,0,36,1,0,0,0
36,42,99,0,70,0,0,1,0
27,37,69,0,43,0,0,1,0
10,34,71,0,35,0,0,0,1
27,40,69,1,48,0,0,1,0
3,32,109,0,41,0,1,0,0
0,35,79,1,27,0,1,0,0
0,25,90,1,19,0,1,0,0
31,34,94,1,50,0,1,0,0
0,32,82,1,35,1,0,0,0
2,40,85,0,48,0,1,0,0
3,38,74,0,40,0,0,0,1
0,30,95,0,32,0,0,1,0
0,35,92,1,42,0,0,1,0
5,37,75,0,38,0,1,0,0
12,37,81,0,42,0,0,1,0
21,43,76,0,53,0,0,1,0
19,32,53,0,29,0,1,0,0
11,33,113,0,52,0,0,1,0
23,41,55,0,47,0,0,0,1
0,41,76,1,42,0,1,0,0
9,40,72,0,41,0,0,0,1
18,27,94,0,38,0,0,0,1
3,32,97,0,35,0,0,0,1
0,34,78,0,35,0,0,1,0
25,33,69,0,37,0,0,0,1
3,31,77,0,33,0,0,1,0
18,33,89,0,49,0,1,0,0
0,28,83,0,29,0,1,0,0
0,43,87,0,49,0,0,1,0
41,37,90,0,54,0,0,0,1
25,30,70,0,34,0,1,0,0
0,27,84,1,19,1,0,0,0
21,32,83,0,44,1,0,0,0
5,31,78,0,32,0,0,1,0
0,33,92,0,33,1,0,0,0
0,39,69,1,37,0,1,0,0
2,32,101,0,36,1,0,0,0
40,31,100,0,52,0,1,0,0
6,36,83,1,40,0,0,0,1
9,42,58,1,33,1,0,0,0
14,33,77,0,39,0,0,0,1
24,32,87,0,40,0,0,1,0
21,41,67,1,50,0,0,0,1
12,29,80,0,30,0,0,0,1
8,35,67,1,31,0,1,0,0
8,33,104,1,44,1,0,0,0
13,34.1399798590131,102,0,47,0,0,0,1
7,35,110,0,52,1,0,0,0
20,33,81,0,42,0,1,0,0
27,29,82,0,34,1,0,0,0
0,33,87,0,36,1,0,0,0
24,36,99,0,54,0,0,0,1
25,31,100,1,54,0,0,0,1
11,33,78,0,36,0,0,1,0
0,34,90,0,39,0,1,0,0
3,32,97,0,42,0,1,0,0
26,41,88,1,57,0,0,1,0
11,41,90,1,49,1,0,0,0
16,28,75,1,28,0,1,0,0
4,27,90,0,28,0,0,0,1
8,39,73,0,45,0,0,0,1
6,31,84,0,39,0,0,1,0
31,35,103,0,53,1,0,0,0
12,36,72,0,37,1,0,0,0
6,30,58,0,23,1,0,0,0
23,37,96,0,53,0,0,0,1
0,27,67,0,21,1,0,0,0
11,20,110,1,29,0,1,0,0
28,34,83,0,44,0,1,0,0
0,41,86,0,48,0,1,0,0
6,41,60,1,42,0,0,1,0
24,31,79,0,39,1,0,0,0
37,41,95,0,62,0,0,1,0
23,36,98,0,48,0,1,0,0
7,36,77,0,39,0,0,0,1
14,28,62,1,27,0,0,1,0
0,43,98,0,49,0,0,0,1
22,38,55,1,40,1,0,0,0
3,34,92,0,36,1,0,0,0
5,30,87,0,31,0,0,0,1
8,34,104,0,50,1,0,0,0
0,31,71,1,28,1,0,0,0
17,30,92,0,41,0,0,1,0
0,31,67,0,26,0,0,1,0
0,34,85,1,36,1,0,0,0
0,39,89,0,46,0,1,0,0
13,35,80,0,42,0,1,0,0
6,39,96,0,48,0,0,1,0
23,31,87,0,37,0,0,1,0
18,34,77,0,31,0,0,0,1
5,33,107,0,50,0,0,1,0
21,30,73,0,33,0,0,1,0
14,42,96,1,56,0,1,0,0
0,32,81,0,32,0,0,1,0
0,38,40,0,32,0,0,0,1
8,36,106,0,52,0,0,0,1
11,33,115,0,54,1,0,0,0
17,32,82,0,33,1,0,0,0
5,38,97,0,47,0,1,0,0
24,36,74,0,40,1,0,0,0
27,41,91,1,63,0,1,0,0
24,35,94,0,48,1,0,0,0
10,36,93,1,54,0,1,0,0
20,31,56,0,28,1,0,0,0
7,35,103,0,46,0,1,0,0
0,38,59,1,38,0,0,0,1
34,38,92,0,53,1,0,0,0
16,39,105,0,61,0,0,1,0
16,40,60,1,49,1,0,0,0
18,33,77,0,43,0,0,0,1
12,25,77,1,19,0,1,0,0
9,33,71,0,37,0,0,1,0
6,30,97,1,32,0,1,0,0
22,33,87,1,42,0,0,1,0
28,37,83,0,48,0,1,0,0
13,32,82,0,38,0,0,1,0
13,31,93,0,42,0,1,0,0
3,36,77,0,37,1,0,0,0
0,31,91,0,29,0,0,0,1
3,25,78,0,16,1,0,0,0
28,34,81,1,50,0,1,0,0
5,29,55,0,22,1,0,0,0
0,30,104,0,33,0,0,1,0
4,37,84,0,44,0,1,0,0
28,33,59,0,31,0,1,0,0
2,31,79,0,30,0,0,1,0
5,38,77,0,42,0,0,0,1
17,37,101,0,56,1,0,0,0
0,36,95,0,37,0,1,0,0
17,35,68,0,44,0,1,0,0
4,27,43,0,20,0,0,1,0
0,37,86,1,43,1,0,0,0
8,35,45,0,26,0,0,1,0
25,28,101,0,44,0,1,0,0
0,32,76,0,21,0,0,1,0
0,30,76,0,26,0,0,1,0
7,48,96,0,75,0,0,1,0
25,29,73,1,29,0,1,0,0
6,38,75,0,43,0,1,0,0
2,38,98,1,45,0,0,0,1
17,32,68,0,34,0,0,1,0
24,38,87,0,47,0,1,0,0
15,33,80,0,39,1,0,0,0
28,34,99,1,54,0,0,1,0
17,29,101,1,42,0,0,0,1
14,34,79,1,39,0,0,1,0
17,32,88,0,39,0,0,1,0
22,35,75,0,42,1,0,0,0
17,31,98,0,43,0,1,0,0
17,35,74,0,41,0,1,0,0
19,31,82,1,38,1,0,0,0
9,36,106,0,52,0,1,0,0
0,26,87,0,22,0,0,1,0
4,37,114,1,63,1,0,0,0
26,37,68,0,43,0,0,1,0
0,31,83,0,30,1,0,0,0
31,42,81,0,53,0,1,0,0
22,39,55,0,39,0,0,0,1
12,24,78,0,22,0,1,0,0
12,33,64,0,27,1,0,0,0
12,32,67,0,35,0,0,0,1
26,35,92,0,51,0,1,0,0
35,33,56,1,37,0,0,0,1
10,38,82,0,49,1,0,0,0
9,32,45,0,24,1,0,0,0
36,37,83,0,50,0,0,1,0
0,32,88,0,25,1,0,0,0
30,35,92,1,48,0,0,0,1
3,35,57,1,30,0,1,0,0
6,31,112,0,52,1,0,0,0
29,36,60,1,43,1,0,0,0
13,31,84,0,37,0,0,1,0
23,37,91,0,53,0,0,0,1
3,36,54,0,38,0,0,0,1
20,40,87,0,52,0,1,0,0
13,36,89,0,48,0,0,0,1
5,31,93,1,39,0,1,0,0
13,37,84,0,44,1,0,0,0
9,36,35,1,31,0,1,0,0
0,36,87,1,38,0,0,1,0
0,31,55,0,17,1,0,0,0
16,35,78,0,41,1,0,0,0
7,39,81,0,41,0,0,1,0
13,39,92,1,53,0,0,0,1
23,31,64,0,37,0,0,0,1
1,29,79,0,29,0,0,1,0
12,26,81,0,28,0,0,1,0
22,43,106,0,66,0,0,1,0
1,30,85,0,25,0,1,0,0
13,31,81,0,33,1,0,0,0
32,34,88,1,53,0,0,0,1
15,36,95,1,49,0,1,0,0
26,34,70,0,35,0,1,0,0
13,26,51,0,14,0,1,0,0
18,44,50,0,40,0,1,0,0
28,33,98,0,53,0,0,0,1
6,34,100,0,47,1,0,0,0
10,41,73,1,42,0,1,0,0
0,39,65,0,31,0,0,0,1
21,33,103,0,50,0,0,0,1
8,34,85,0,37,0,1,0,0
12,35,72,0,40,0,0,1,0
25,37,92,0,53,0,0,1,0
3,35,73,0,32,0,0,0,1
18,39,100,1,62,0,0,1,0
14,33,76,1,32,1,0,0,0
4,34,53,0,31,0,0,1,0
6,36,103,1,49,0,0,0,1
6,34,87,0,37,0,1,0,0
20,33,71,0,38,0,1,0,0
30,31,89,1,43,0,1,0,0
20,34,84,0,43,0,0,1,0
18,30,56,0,30,0,1,0,0
27,30,93,0,47,0,0,1,0
20,34,35,0,31,0,0,0,1
4,40,81,1,46,0,0,0,1
5,29,110,0,46,0,1,0,0
12,36,116,0,60,0,1,0,0
24,37,62,0,35,1,0,0,0
7,32,92,0,42,1,0,0,0
0,39,71,0,44,0,0,0,1
22,39,29,0,38,1,0,0,0
12,37,74,0,41,0,0,1,0
3,30,22,0,12,0,1,0,0
0,32,92,1,40,0,0,0,1
5,32,73,1,32,0,1,0,0
4,26,89,0,34,0,0,1,0
14,38,100,0,55,0,0,1,0
25,39,101,0,63,0,0,0,1
4,34,103,0,48,0,1,0,0
20,28,106,1,50,0,1,0,0
19,42,92,0,48,0,1,0,0
14,32,90,1,43,0,1,0,0
0,37,60,0,34,0,0,1,0
11,37,103,0,48,0,1,0,0
18,35,83,0,48,0,0,1,0
9,27,73,0,22,0,0,1,0
0,29,93,0,33,1,0,0,0
6,30,90,0,41,0,1,0,0
0,39,48,1,31,0,0,0,1
3,29,73,0,25,1,0,0,0
0,33,58,0,31,0,1,0,0
0,33,108,0,45,1,0,0,0
19,36,84,0,47,0,0,0,1
32,32,63,0,40,0,1,0,0
30,36,57,0,45,0,0,0,1
14,43,104,0,60,0,1,0,0
4,36,96,1,45,0,1,0,0
0,39,89,0,35,0,0,1,0
8,32,87,0,38,0,0,1,0
12,39,99,0,55,0,0,1,0
24,31,100,0,49,1,0,0,0
19,32,75,0,35,0,0,1,0
2,34,93,0,39,1,0,0,0
33,36,12,1,32,0,0,1,0
20,33,68,0,38,0,1,0,0
0,36,73,1,38,0,1,0,0
21,35,73,0,41,0,0,0,1
27,30,82,0,38,0,1,0,0
4,32,88,0,33,0,0,1,0
0,33,73,0,25,0,0,1,0
0,33,93,1,42,0,0,0,1
7,39,68,1,44,0,0,0,1
0,43,81,0,52,0,0,1,0
8,33,70,0,27,0,0,0,1
27,40,85,0,54,0,0,1,0
12,29,53,1,19,1,0,0,0
2,37,61,0,33,0,0,0,1
25,34,79,1,45,0,0,0,1
28,31,102,0,43,0,0,1,0
18,38,98,0,56,1,0,0,0
11,37,64,1,37,1,0,0,0
24,35,96,0,54,1,0,0,0
2,31,84,0,37,0,0,1,0
5,36,74,0,40,0,0,0,1
2,29,101,0,34,0,1,0,0
13,32,24,1,23,0,0,1,0
6,33,95,0,41,0,1,0,0
21,40,96,0,56,0,0,1,0
29,38,81,0,54,0,1,0,0
2,37,95,0,41,0,0,1,0
12,38,46,0,32,1,0,0,0
3,34,97,0,38,0,0,1,0
8,31,99,0,44,0,1,0,0
7,33,55,1,24,0,1,0,0
51,29,79,0,42,0,1,0,0
23,35,53,0,37,1,0,0,0
4,32,86,0,36,0,0,1,0
5,43,107,0,64,1,0,0,0
10,29,80,0,28,0,0,0,1
12,27,82,0,33,0,0,1,0
16,27,64,0,29,1,0,0,0
15,34,103,0,42,1,0,0,0
12,34,87,1,55,0,1,0,0
1,35,68,0,34,0,0,0,1
10,32,105,0,45,0,0,0,1
11,27,42,0,24,0,1,0,0
24,28,78,0,39,0,0,1,0
0,28,82,0,20,0,1,0,0
37,30,76,1,38,0,1,0,0
0,36,90,0,38,0,1,0,0
7,37,69,0,38,0,0,1,0
24,38,63,0,41,0,0,0,1
25,36,96,0,54,0,0,1,0
11,42,58,0,41,0,1,0,0
0,38,78,0,41,0,0,0,1
14,34,90,0,50,0,0,0,1
1,35,60,1,26,1,0,0,0
31,38,94,1,57,0,0,0,1
31,40,105,0,65,0,0,0,1
0,35,82,0,28,0,0,0,1
10,35,72,0,35,0,0,1,0
10,24,102,0,28,0,1,0,0
28,31,83,1,45,1,0,0,0
14,30,78,0,32,1,0,0,0
17,30,98,0,39,1,0,0,0
0,35,73,1,35,1,0,0,0
15,29,41,0,18,1,0,0,0
20,34,98,0,48,0,0,0,1
30,28,90,0,34,0,0,1,0
10,36,101,1,52,0,0,1,0
6,31,69,1,31,0,0,1,0
5,33,84,0,43,0,1,0,0
6,30,63,1,24,0,1,0,0
0,33,78,0,31,1,0,0,0
17,37,88,0,44,0,1,0,0
27,38,62,0,49,0,0,1,0
13,33,103,0,47,1,0,0,0
20,36,78,0,46,0,1,0,0
16,34,81,0,43,1,0,0,0
30,38,92,0,53,1,0,0,0
24,38,94,1,53,0,0,0,1
10,35,98,0,47,1,0,0,0
3,34,91,0,36,1,0,0,0
19,34,43,0,30,0,0,1,0
15,44,104,1,61,1,0,0,0
3,30,74,0,26,0,0,0,1
0,41,98,0,50,1,0,0,0
21,29,95,0,45,0,0,0,1
0,38,82,0,36,1,0,0,0
16,33,96,0,42,0,0,0,1
23,33,75,0,39,1,0,0,0
0,29,83,0,25,0,1,0,0
6,38,84,1,48,1,0,0,0
4,28,97,0,31,0,1,0,0
31,33,61,0,44,0,0,1,0
0,41,111,0,59,0,0,0,1
1,37,85,0,51,0,0,1,0
4,27,73,0,16,1,0,0,0
1,32,95,1,30,1,0,0,0
27,34,80,0,44,0,1,0,0
14,35,77,0,42,0,0,0,1
20,34,102,1,53,0,0,1,0
24,36,82,0,42,0,1,0,0
17,32,93,1,41,1,0,0,0
0,36,92,0,47,0,0,0,1
4,29,72,1,29,0,0,1,0
21,29,55,0,26,0,0,1,0
11,39,84,0,50,0,0,1,0
14,33,101,0,52,0,0,1,0
3,39,80,0,45,0,1,0,0
23,29,89,0,43,0,1,0,0
26,39,70,0,44,1,0,0,0
14,36,84,0,42,1,0,0,0
25,37,100,0,61,0,0,0,1
8,36,73,1,43,1,0,0,0
29,45,83,0,64,0,0,0,1
6,34,86,0,36,0,0,0,1
3,41,93,0,53,0,0,1,0
12,24,90,1,24,1,0,0,0
15,30,63,1,26,0,0,1,0
18,31,89,0,39,1,0,0,0
20,40,65,0,43,1,0,0,0
0,31,76,0,28,1,0,0,0
0,28,80,0,29,0,0,0,1
14,33,78,0,47,1,0,0,0
23,34,93,0,45,0,0,1,0
4,32,67,0,29,1,0,0,0
23,33,71,0,44,0,0,1,0
26,31,79,0,38,0,0,1,0
9,36,101,0,52,0,1,0,0
30,38,69,1,51,0,0,1,0
31,43,95,0,65,0,0,1,0
6,26,0,0,11,0,1,0,0
0,35,79,0,32,0,0,0,1
16,35,92,0,47,0,0,1,0
5,30,64,0,36,0,0,1,0
18,37,96,0,52,0,0,0,1
0,37,70,1,36,0,1,0,0
0,43,95,0,55,0,0,0,1
10,35,76,0,35,0,0,1,0
5,37,79,0,40,0,0,1,0
3,40,35,1,30,0,0,0,1
8,34,79,1,40,0,1,0,0
25,33,74,1,39,0,1,0,0
5,32,57,0,27,0,0,0,1
5,30,83,0,30,0,1,0,0
21,36,61,0,47,0,0,0,1
2,31,86,0,34,0,0,1,0
0,33,97,1,46,0,0,1,0
0,35,76,0,30,0,1,0,0
3,36,92,1,46,0,0,1,0
10,40,83,0,39,0,1,0,0
11,37,88,1,48,0,1,0,0
31,33,88,1,50,0,0,1,0
2,38,96,1,49,0,1,0,0
9,41,109,0,58,0,0,0,1
16,42,99,1,64,0,1,0,0
11,38,84,0,44,0,0,0,1
29,34,90,1,49,0,0,1,0
31,27,73,0,31,0,0,1,0
16,36,94,0,45,1,0,0,0
4,27,80,0,31,0,0,0,1
39,42,83,0,60,0,1,0,0
17,37,80,0,44,0,0,1,0
29,33,93,0,53,1,0,0,0
18,37,79,0,44,0,1,0,0
3,27,73,0,17,0,1,0,0
23,42,86,1,57,0,0,0,1
0,38,82,1,38,0,0,1,0
18,32,88,0,36,0,1,0,0
12,32,82,0,34,0,0,0,1
6,34,99,1,43,0,1,0,0
3,29,91,1,33,0,0,1,0
13,30,80,0,37,0,0,0,1
29,32,65,0,35,0,1,0,0
12,40,98,0,57,1,0,0,0
21,37,73,0,47,0,0,1,0
18,26,84,0,33,0,0,1,0
9,40,94,1,58,1,0,0,0
10,36,85,0,46,1,0,0,0
21,33,92,0,39,0,0,1,0
0,41,92,0,40,1,0,0,0
22,37,78,1,48,0,0,1,0
33,39,93,0,58,0,1,0,0
22,41,85,0,50,1,0,0,0
14,37,82,1,52,0,1,0,0
0,35,85,0,43,0,1,0,0
17,36,81,1,43,1,0,0,0
16,40,76,0,48,1,0,0,0
35,33,89,0,51,1,0,0,0
18,30,91,0,36,0,1,0,0
10,43,73,0,51,0,0,0,1
12,34,87,1,39,0,0,1,0
24,32,51,0,28,1,0,0,0
0,36,90,0,40,0,0,1,0
9,36,94,0,49,1,0,0,0
16,39,96,0,57,0,0,1,0
2,39,102,0,54,0,0,1,0
8,33,91,0,42,1,0,0,0
15,37,109,1,59,0,1,0,0
27,34,91,0,48,0,0,0,1
7,33,61,0,22,0,0,0,1
17,36,81,0,41,0,1,0,0
15,31,109,0,59,1,0,0,0
0,39,99,0,48,1,0,0,0
0,32,58,0,27,0,1,0,0
4,39,84,0,44,0,0,1,0
11,37,47,0,36,0,0,1,0
6,31,96,0,46,1,0,0,0
20,36,99,0,54,1,0,0,0
26,31,73,0,37,0,0,0,1
9,36,90,0,43,0,0,1,0
5,32,62,1,29,0,0,1,0
12,35,72,0,30,0,1,0,0
38,37,81,0,48,1,0,0,0
15,35,91,0,43,1,0,0,0
32,32,54,1,36,0,1,0,0
0,38,74,0,36,0,1,0,0
0,34,59,0,29,1,0,0,0
31,37,63,0,40,1,0,0,0
7,39,98,0,53,0,0,1,0
1,30,103,0,39,1,0,0,0
11,36,92,0,49,0,0,1,0
0,28,87,0,23,1,0,0,0
20,41,100,0,63,0,1,0,0
8,45,83,0,55,0,1,0,0
6,34,92,0,41,0,0,0,1
0,30,100,0,33,0,1,0,0
30,40,88,0,57,0,1,0,0
22,36,99,0,51,1,0,0,0
13,38,83,0,44,0,0,0,1
0,41,81,0,45,1,0,0,0
30,39,83,1,48,0,1,0,0
27,28,75,0,34,0,0,1,0
14,37,86,1,46,1,0,0,0
0,24,93,0,27,1,0,0,0
22,38,58,0,43,0,0,0,1
4,35,83,1,38,0,0,0,1
10,28,86,0,34,0,0,0,1
19,28,100,0,41,0,0,0,1
5,33,93,0,44,0,1,0,0
0,31,115,1,41,0,1,0,0
5,37,99,0,51,0,0,0,1
10,30,96,0,39,0,0,1,0
19,33,61,0,32,0,1,0,0
18,34,70,0,34,0,1,0,0
8,39,75,0,47,0,1,0,0
7,41,94,1,54,0,0,1,0
23,35,78,1,44,0,0,1,0
5,36,56,0,27,1,0,0,0
19,32,78,0,32,0,0,1,0
4,31,96,0,36,0,0,0,1
17,34,86,0,41,0,0,1,0
12,32,98,0,42,1,0,0,0
3,33,99,0,38,0,1,0,0
29,30,108,0,53,0,1,0,0
19,39,62,1,42,0,0,1,0
16,30,108,1,48,1,0,0,0
0,36,62,0,33,0,0,0,1
10,31,43,1,29,0,0,1,0
7,38,61,1,42,0,1,0,0
15,36,79,0,46,0,1,0,0
14,29,66,0,26,0,0,0,1
15,30,106,1,38,1,0,0,0
2,39,94,0,57,0,1,0,0
0,31,93,0,39,0,0,1,0
11,30,83,1,37,0,0,1,0
11,42,106,0,67,0,0,0,1
6,35,90,0,40,1,0,0,0
10,28,87,1,35,0,0,0,1
25,27,91,0,35,0,1,0,0
11,31,91,0,38,0,0,1,0
12,32,68,0,34,0,1,0,0
5,38,73,0,43,1,0,0,0
2,34,78,0,37,0,0,0,1
1,35,115,0,49,0,0,0,1
10,41,101,0,57,0,1,0,0
0,35,78,0,32,0,0,1,0
3,40,83,1,42,1,0,0,0
18,29,79,0,33,0,0,1,0
15,29,13,0,19,1,0,0,0
1,40,93,1,49,0,1,0,0
0,31,78,1,30,0,0,1,0
0,38,86,0,44,0,1,0,0
2,25,86,0,21,0,0,1,0
9,29,93,0,33,1,0,0,0
28,32,83,1,43,0,0,1,0
11,41,91,1,55,0,0,1,0
24,29,95,0,39,0,1,0,0
44,36,81,1,54,0,0,1,0
24,34,75,0,39,1,0,0,0
11,35,82,0,40,0,1,0,0
0,32,102,1,40,1,0,0,0
2,33,69,0,31,1,0,0,0
26,30,98,0,46,0,0,0,1
25,35,87,0,45,0,1,0,0
41,34,96,1,56,1,0,0,0
12,41,69,0,48,0,1,0,0
13,37,69,0,37,1,0,0,0
18,39,60,0,38,0,1,0,0
19,33,60,0,29,1,0,0,0
8,32,79,1,31,1,0,0,0
21,41,77,0,49,1,0,0,0
1,34,61,1,33,0,0,1,0
1,38,65,0,35,1,0,0,0
34,41,93,0,60,0,0,0,1
29,33,93,0,49,1,0,0,0
15,31,52,0,28,1,0,0,0
30,40,74,0,56,1,0,0,0
0,31,86,0,34,0,0,0,1
20,36,82,0,43,0,1,0,0
0,38,83,0,44,0,0,0,1
4,41,83,0,59,0,1,0,0
26,35,60,1,39,1,0,0,0
15,34,104,1,50,0,1,0,0
11,35,80,1,39,0,0,1,0
25,34,56,0,34,0,1,0,0
0,36,83,0,33,0,1,0,0
10,38,83,0,34,0,1,0,0
42,40,80,0,58,0,0,0,1
7,42,98,0,57,0,1,0,0
0,36,93,0,44,1,0,0,0
23,41,78,1,55,0,0,1,0
0,33,70,0,31,1,0,0,0
20,37,88,0,52,0,0,1,0
0,42,83,0,44,0,0,0,1
22,33,73,1,36,1,0,0,0
27,36,89,1,53,0,0,1,0
5,29,81,0,23,0,0,0,1
25,31,70,1,33,1,0,0,0
0,39,72,0,40,0,0,0,1
5,41,77,0,48,0,1,0,0
0,34,77,0,36,1,0,0,0
0,36,81,0,31,0,0,0,1
16,34,81,1,40,0,1,0,0
30,32,103,1,52,0,0,1,0
0,32,82,0,39,1,0,0,0
11,31,73,0,27,0,0,1,0
22,32,55,0,31,0,1,0,0
4,34,100,0,50,1,0,0,0
0,37,90,0,40,0,1,0,0
0,28,49,0,19,1,0,0,0
28,39,103,0,62,0,0,1,0
0,34,84,0,34,1,0,0,0
14,41,91,1,59,0,1,0,0
12,30,105,1,44,0,1,0,0
9,35,83,0,42,0,0,1,0
17,30,86,0,43,0,0,1,0
10,30,81,1,36,1,0,0,0
0,32,59,0,17,0,0,1,0
3,30,68,1,24,1,0,0,0
12,38,89,0,47,0,0,1,0
0,39,79,0,37,0,1,0,0
14,32,84,0,42,0,0,1,0
22,31,81,0,38,0,0,0,1
14,33,99,0,41,0,1,0,0
20,30,92,0,38,1,0,0,0
9,33,71,0,33,1,0,0,0
22,32,94,0,46,0,1,0,0
0,37,85,0,40,0,0,1,0
16,28,101,1,42,1,0,0,0
3,40,81,0,48,1,0,0,0
4,30,76,0,31,0,1,0,0
0,38,79,0,31,0,0,1,0
0,36,82,1,38,0,1,0,0
36,30,102,0,50,1,0,0,0
20,26,87,0,35,0,0,0,1
13,37,65,0,44,0,1,0,0
12,34,44,0,31,1,0,0,0
6,38,83,0,37,0,1,0,0
12,34,80,1,41,1,0,0,0
0,31,42,0,26,0,0,1,0
20,34,87,0,41,0,1,0,0
12,37,89,0,45,0,1,0,0
0,28,63,0,18,0,1,0,0
16,33,59,0,32,0,1,0,0
8,31,88,1,38,0,1,0,0
11,35,71,1,33,0,0,1,0
18,38,75,0,41,0,1,0,0
20,27,78,0,30,1,0,0,0
0,37,70,0,42,0,1,0,0
0,39,90,0,43,0,0,1,0
0,40,85,0,40,0,0,1,0
8,33,66,0,33,1,0,0,0
24,34.1399798590131,84,1,54,1,0,0,0
36,30,93,1,51,1,0,0,0
36,28,85,0,42,0,0,0,1
0,33,95,0,31,0,1,0,0
11,28,69,1,25,1,0,0,0
21,34,51,1,36,0,0,0,1
15,33,79,0,41,1,0,0,0
0,32,90,0,29,0,0,0,1
25,35,17,0,32,0,0,1,0
17,33,57,0,32,0,0,0,1
20,38,85,0,51,1,0,0,0
10,30,87,0,39,0,0,1,0
12,26,100,0,39,0,0,1,0
25,26,73,0,31,0,1,0,0
25,32,98,0,47,0,1,0,0
12,32,79,0,31,0,1,0,0
15,40,75,1,47,1,0,0,0
16,29,55,0,25,0,0,0,1
21,34,84,1,49,0,0,1,0
23,37,75,1,45,0,0,0,1
14,28,71,0,33,1,0,0,0
0,32,0,1,13,0,1,0,0
29,38,53,0,40,1,0,0,0
14,35,89,0,43,0,0,0,1
0,34,100,0,41,0,0,1,0
35,33,85,0,40,0,0,1,0
13,32,90,1,39,0,1,0,0
12,31,88,1,33,0,0,1,0
0,36,94,0,44,1,0,0,0
12,37,69,0,44,0,0,1,0
0,34,65,1,25,1,0,0,0
31,32,69,0,33,0,1,0,0
26,36,57,0,36,0,0,0,1
24,40,98,0,59,1,0,0,0
3,36,86,1,38,0,0,1,0
12,28,75,0,28,0,1,0,0
28,34.1399798590131,64,1,39,0,0,0,1
19,32,95,0,44,0,0,1,0
27,40,82,0,56,0,0,1,0
17,36,93,0,44,0,0,0,1
22,33,64,0,36,0,1,0,0
21,41,54,0,44,0,0,0,1
11,35,90,1,35,1,0,0,0
16,32,78,0,34,1,0,0,0
21,40,67,0,39,0,0,0,1
17,31,48,0,26,1,0,0,0
0,28,79,1,17,0,1,0,0
21,33,84,1,48,1,0,0,0
0,34,75,0,32,1,0,0,0
20,29,88,1,38,1,0,0,0
14,36,84,0,38,0,0,0,1
2,33,88,0,37,1,0,0,0
30,36,86,0,45,0,0,1,0
16,36,83,0,45,0,1,0,0
5,37,112,1,61,1,0,0,0
8,32,98,0,40,0,0,1,0
0,34,80,1,26,1,0,0,0
0,31,95,1,35,0,1,0,0
3,32,69,0,31,1,0,0,0
12,36,97,1,51,1,0,0,0
9,37,84,0,44,0,1,0,0
0,34,72,0,31,0,1,0,0
1,33,74,0,34,0,0,1,0
9,33,87,0,39,0,1,0,0
21,33,111,0,51,0,1,0,0
29,32,84,1,43,0,1,0,0
10,33,107,0,50,1,0,0,0
0,35,80,1,32,1,0,0,0
31,30,97,0,46,0,0,1,0
5,31,59,0,22,1,0,0,0
26,33,97,0,52,0,1,0,0
12,32,84,0,37,1,0,0,0
40,38,62,1,39,0,1,0,0
0,36,101,1,44,0,1,0,0
31,37,81,0,48,0,0,1,0
0,34,75,0,33,0,1,0,0
0,37,71,1,35,0,0,0,1
21,39,102,1,61,0,0,1,0
17,29,92,0,34,0,1,0,0
15,36,65,0,40,0,1,0,0
8,33,100,0,37,0,0,0,1
0,34,85,0,35,0,1,0,0
23,32,88,0,44,0,0,0,1
9,38,67,1,34,1,0,0,0
28,34,83,0,59,0,0,1,0
0,29,68,1,24,0,1,0,0
45,34,88,1,45,0,0,0,1
15,36,87,0,46,0,0,0,1
5,39,86,1,47,1,0,0,0
6,30,93,0,34,0,0,0,1
16,32,99,1,43,0,1,0,0
26,33,87,0,40,0,0,1,0
26,34,91,1,47,0,0,0,1
16,32,67,0,29,0,1,0,0
0,32,81,0,28,1,0,0,0
14,36,67,0,29,0,0,0,1
51,31,92,1,49,0,0,1,0
14,35,45,0,31,0,0,1,0
3,37,83,0,41,0,1,0,0
11,35,103,0,49,0,0,0,1
12,33,92,0,50,0,0,0,1
21,36,102,1,59,0,0,1,0
9,36,83,0,44,1,0,0,0
25,30,86,0,34,1,0,0,0
8,36,72,0,36,0,1,0,0
36,28,97,0,49,1,0,0,0
6,35,93,0,42,1,0,0,0
0,36,75,0,27,1,0,0,0
21,36,43,0,29,0,0,1,0
5,33,104,0,43,0,0,1,0
2,31,74,0,31,1,0,0,0
16,38,61,0,41,0,0,1,0
0,34,0,0,9,0,1,0,0
4,37,94,0,44,0,0,0,1
14,37,107,0,59,0,0,1,0
9,38,74,0,43,0,0,0,1
0,29,100,0,32,0,0,1,0
22,33,92,0,49,0,0,0,1
33,36,75,0,42,0,1,0,0
7,39,91,0,43,1,0,0,0
20,32,85,0,42,1,0,0,0
23,32,96,1,44,1,0,0,0
7,35,84,0,38,0,0,0,1
12,37,79,0,49,1,0,0,0
30,32,71,0,38,1,0,0,0
0,39,99,0,50,0,0,1,0
21,39,80,1,46,0,0,1,0
0,32,92,0,34,0,1,0,0
7,33,74,0,31,0,1,0,0
13,32,84,0,41,0,0,1,0
37,33,91,0,51,0,0,1,0
16,38,54,0,36,1,0,0,0
29,34,91,0,46,0,1,0,0
4,31,87,1,35,0,0,0,1
1,35,81,0,37,0,0,0,1
15,38,83,1,61,0,0,0,1
21,31,72,0,38,0,1,0,0
15,29,79,0,37,0,0,0,1
18,33,96,0,48,0,1,0,0
4,35,95,1,41,0,1,0,0
11,34,20,0,19,0,0,1,0
8,41,82,1,54,0,1,0,0
5,40,75,0,41,1,0,0,0
4,35,86,1,43,1,0,0,0
35,35,96,1,57,1,0,0,0
38,32,79,0,49,0,0,0,1
1,36,84,0,41,0,0,0,1
7,33,85,1,32,1,0,0,0
18,33,82,0,47,0,0,1,0
35,42,85,0,61,0,1,0,0
17,29,79,0,34,0,0,1,0
12,34.1399798590131,90,0,47,0,0,0,1
19,41,90,0,61,1,0,0,0
9,32,92,0,35,1,0,0,0
8,32,61,0,26,1,0,0,0
4,32,99,0,42,0,0,0,1
38,36,96,0,53,0,1,0,0
0,25,61,0,13,1,0,0,0
11,35,74,0,36,1,0,0,0
26,32,59,0,30,0,0,1,0
39,36,93,0,57,0,0,0,1
8,34.1399798590131,90,0,38,0,0,0,1
37,33,81,1,42,0,0,1,0
9,38,108,0,62,0,1,0,0
37,30,90,1,49,0,1,0,0
0,34.1399798590131,93,1,32,0,1,0,0
25,27,53,0,27,0,1,0,0
2,36,98,1,39,0,0,1,0
12,36,100,1,51,0,1,0,0
8,32,90,1,33,0,0,1,0
0,34,72,0,28,0,1,0,0
4,38,87,0,41,1,0,0,0
13,37,93,0,51,0,1,0,0
0,31,0,0,15,1,0,0,0
22,31,69,1,41,0,0,0,1
0,36,104,1,51,0,1,0,0
1,36,81,0,41,0,0,1,0
23,35,72,0,40,0,1,0,0
0,33,84,0,29,0,0,0,1
0,30,47,0,19,1,0,0,0
18,31,98,0,36,1,0,0,0
13,30,63,0,32,0,1,0,0
19,39,77,0,51,1,0,0,0
18,27,76,0,30,0,0,0,1
19,37,85,1,46,1,0,0,0
15,32,44,0,25,0,0,0,1
15,32,73,1,29,0,0,0,1
6,37,77,0,43,0,0,1,0
5,36,68,0,36,0,0,0,1
31,35,68,1,42,0,0,0,1
14,28,105,0,42,0,0,1,0
0,32,110,0,39,0,1,0,0
0,30,81,0,28,0,1,0,0
0,38,91,0,36,0,0,0,1
12,29,74,0,22,0,0,1,0
0,32,95,1,35,0,0,0,1
4,31,82,1,36,0,0,0,1
11,30,83,0,28,0,0,0,1
8,37,85,0,43,0,1,0,0
6,43,90,0,58,0,0,1,0
12,32,89,0,35,1,0,0,0
27,36,71,1,41,0,0,1,0
12,34,67,0,34,0,1,0,0
27,38,70,0,43,0,0,1,0
1,30,69,0,26,0,0,1,0
16,35,76,0,45,0,1,0,0
13,36,72,0,40,0,1,0,0
37,23,86,0,32,1,0,0,0
16,36,93,1,48,1,0,0,0
12,34,98,0,43,1,0,0,0
0,30,93,0,35,0,0,1,0
0,37,97,1,43,0,1,0,0
12,30,76,0,34,0,0,0,1
30,30,56,0,31,1,0,0,0
4,34,97,0,36,0,0,0,1
10,38,92,0,54,1,0,0,0
7,30,80,0,38,0,0,0,1
0,32,74,0,26,0,1,0,0
21,35,76,0,40,0,1,0,0
0,38,53,0,28,0,0,1,0
11,39,90,0,49,0,1,0,0
12,41,105,0,64,0,0,0,1
0,35,75,1,32,0,0,1,0
0,40,99,0,52,0,0,1,0
40,25,54,0,24,0,0,0,1
19,39,88,0,51,1,0,0,0
0,37,92,0,42,1,0,0,0
0,34,83,0,41,0,1,0,0
19,36,67,0,35,1,0,0,0
4,29,80,0,33,0,0,0,1
28,36,67,0,43,1,0,0,0
7,34,91,0,38,0,1,0,0
25,30,103,0,41,0,0,0,1
0,32,92,0,35,0,1,0,0
4,34,97,0,48,0,0,1,0
0,35,55,1,29,0,0,0,1
0,43,108,0,58,1,0,0,0
0,35,80,1,36,0,0,1,0
29,35,78,0,45,0,0,1,0
10,34,59,0,30,0,0,0,1
12,33,81,0,34,1,0,0,0
20,27,58,0,27,0,1,0,0
0,33,83,0,27,0,0,1,0
13,34,82,0,40,1,0,0,0
12,32,79,0,43,1,0,0,0
0,36,85,0,38,1,0,0,0
0,36,80,0,34,1,0,0,0
8,31,102,0,45,1,0,0,0
14,28,76,0,26,0,1,0,0
0,35,56,1,27,0,1,0,0
6,30,90,0,39,1,0,0,0
5,29,39,0,17,0,0,1,0
0,40,112,0,57,1,0,0,0
16,33,78,0,42,0,1,0,0
16,35,102,1,44,0,1,0,0
13,36,86,0,45,0,0,1,0
24,33,83,0,44,0,0,0,1
0,28,89,0,31,0,0,1,0
0,37,59,0,27,1,0,0,0
13,30,44,0,26,1,0,0,0
2,38,99,0,50,0,1,0,0
0,31,80,0,29,1,0,0,0
18,36,80,0,40,0,0,1,0
0,31,94,0,27,1,0,0,0
1,32,105,0,43,0,0,1,0
17,31,65,1,30,1,0,0,0
26,33,91,1,48,1,0,0,0
5,37,57,0,32,0,0,1,0
10,31,75,0,28,1,0,0,0
40,38,101,1,63,0,1,0,0
14,41,83,1,49,0,1,0,0
10,38,94,0,47,0,1,0,0
18,34,78,1,38,0,0,1,0
29,39,73,0,53,0,0,1,0
31,41,83,0,54,1,0,0,0
20,31,70,0,28,1,0,0,0
21,27,75,0,28,0,1,0,0
11,29,91,0,31,0,0,0,1
7,38,72,0,38,0,0,0,1
23,31,84,0,38,0,1,0,0
6,33,80,0,36,0,0,0,1
14,28,98,0,41,0,1,0,0
0,32,77,0,34,0,0,1,0
2,43,76,0,46,0,0,1,0
24,30,86,0,44,1,0,0,0
20,31,62,0,32,0,0,1,0
10,43,85,1,54,0,1,0,0
30,37,109,0,59,0,1,0,0
0,30,74,0,30,1,0,0,0
15,34,85,0,45,1,0,0,0
21,32,79,0,39,0,1,0,0
0,34,76,1,30,1,0,0,0
11,35,78,0,37,0,0,0,1
15,37,84,0,45,0,0,1,0
11,36,78,0,42,0,0,1,0
2,37,95,1,37,0,1,0,0
10,36,91,0,48,0,1,0,0
9,34,52,0,27,0,0,0,1
3,34,91,0,38,0,0,0,1
13,35,87,0,48,0,0,0,1
20,38,99,0,58,1,0,0,0
0,33,37,0,18,0,1,0,0
0,33,71,0,27,0,0,1,0
9,40,102,0,64,1,0,0,0
0,33,88,0,32,1,0,0,0
8,32,98,0,45,0,0,1,0
18,32,100,0,45,1,0,0,0
20,29,93,0,41,0,1,0,0
1,37,102,0,46,0,0,0,1
7,31,52,0,24,0,1,0,0
33,36,76,0,44,0,1,0,0
5,38,106,0,55,0,1,0,0
8,34,81,0,38,1,0,0,0
0,39,82,0,43,1,0,0,0
0,33,89,0,33,0,1,0,0
13,31,52,0,26,1,0,0,0
8,38,85,0,44,0,0,0,1
3,27,88,0,26,0,0,0,1
22,30,112,0,49,0,0,0,1
0,32,91,0,36,1,0,0,0
13,38,64,0,38,0,1,0,0
14,35,41,0,30,0,0,1,0
12,35,92,1,40,0,1,0,0
4,37,83,1,55,0,1,0,0
30,35,66,0,41,0,1,0,0
10,32,71,1,34,0,0,0,1
14,35,54,1,36,1,0,0,0
13,32,100,0,42,0,1,0,0
8,37,94,1,53,0,1,0,0
19,34,86,0,43,0,0,1,0
14,42,100,0,61,0,0,1,0
0,34.1399798590131,81,0,37,0,0,1,0
0,30,80,0,30,0,0,1,0
42,35,84,0,52,1,0,0,0
9,40,69,1,45,1,0,0,0
7,39,104,1,59,0,0,0,1
6,31,109,0,49,0,0,1,0
35,38,67,0,50,0,0,0,1
0,35,65,1,34,0,0,1,0
12,36,46,1,32,0,1,0,0
34,37,67,0,52,0,0,0,1
16,32,66,1,25,1,0,0,0
0,44,57,0,42,0,1,0,0
0,40,92,0,46,1,0,0,0
19,37,86,0,49,0,0,1,0
24,31,55,0,24,1,0,0,0
25,37,88,1,51,0,1,0,0
17,31,70,0,33,0,1,0,0
32,29,66,0,41,0,1,0,0
32,33,80,0,41,0,0,0,1
1,28,69,0,23,1,0,0,0
7,27,76,1,27,0,1,0,0
16,33,112,0,52,1,0,0,0
1,27,84,0,31,0,0,1,0
21,34,100,0,51,0,0,0,1
20,28,86,0,34,0,0,0,1
0,35,70,0,30,0,0,1,0
13,32,73,0,35,0,0,0,1
36,40,88,0,50,0,0,0,1
3,30,84,0,34,0,1,0,0
30,26,77,0,33,1,0,0,0
18,33,43,0,24,0,0,1,0
28,33,104,0,51,0,0,0,1
8,38,81,0,44,0,0,1,0
0,29,96,0,30,1,0,0,0
15,31,79,1,33,0,0,1,0
15,39,53,0,35,1,0,0,0
12,32,64,0,31,0,0,0,1
26,36,91,0,42,0,0,1,0
8,32,89,0,34,0,1,0,0
9,32,78,1,31,0,0,1,0
14,37,94,0,51,0,0,1,0
1,39,72,0,43,0,0,1,0
6,34,96,0,43,0,0,1,0
12,29,85,1,28,0,0,1,0
1,27,99,0,28,0,0,0,1
38,33,66,1,43,0,0,0,1
28,30,92,0,44,0,0,0,1
0,33,81,0,34,0,0,0,1
10,38,98,0,52,0,1,0,0
15,37,100,0,47,1,0,0,0
16,37,81,1,48,0,1,0,0
2,36,96,1,47,1,0,0,0
8,34,83,0,37,1,0,0,0
22,31,80,0,38,1,0,0,0
0,37,87,1,42,0,0,1,0
21,37,109,1,60,0,1,0,0
9,35,98,0,44,0,0,1,0
0,37,74,0,36,0,1,0,0
17,37,70,0,44,0,0,1,0
35,34.1399798590131,76,1,53,0,0,1,0
25,37,51,0,39,1,0,0,0
6,31,81,1,31,0,1,0,0
19,37,95,0,58,0,0,1,0
8,32,62,0,30,0,0,0,1
23,33,85,0,41,0,1,0,0
0,26,82,1,16,0,1,0,0
25,34,96,0,48,0,0,0,1
19,30,91,1,39,1,0,0,0
28,27,95,0,39,0,0,0,1
25,35,95,0,53,0,1,0,0
10,34,78,0,37,1,0,0,0
9,30,78,0,31,0,0,0,1
0,33,80,0,30,0,0,1,0
33,34,84,1,39,0,1,0,0
17,34,77,0,39,0,0,1,0
23,38,84,0,45,0,0,1,0
0,31,82,0,26,1,0,0,0
14,29,94,0,39,0,0,1,0
11,34,83,0,41,0,0,0,1
4,35,89,0,44,0,0,1,0
3,31,85,0,31,1,0,0,0
8,35,95,0,46,0,0,1,0
1,33,74,1,33,1,0,0,0
12,28,86,1,35,0,0,1,0
5,32,96,0,41,0,0,0,1
0,29,46,0,9,1,0,0,0
8,34,92,0,52,0,0,1,0
16,34.1399798590131,101,0,55,0,0,1,0
5,35,78,0,32,0,1,0,0
15,37,13,0,28,0,0,1,0
40,38,92,0,57,1,0,0,0
8,34.1399798590131,108,0,58,1,0,0,0
0,32,80,0,29,1,0,0,0
17,26,100,0,34,0,0,1,0
8,32,95,0,44,0,0,1,0
23,33,96,0,45,0,0,1,0
6,35,71,0,37,1,0,0,0
31,23,71,0,28,1,0,0,0
25,33,61,0,35,0,0,0,1
21,32,61,0,30,0,0,0,1
14,32,94,0,44,0,1,0,0
15,34,10,0,31,1,0,0,0
7,38,77,0,43,0,1,0,0
0,43,78,0,47,0,0,1,0
0,36,77,0,31,1,0,0,0
19,40,49,0,41,0,0,0,1
12,35,83,1,37,1,0,0,0
27,31,83,0,42,0,0,0,1
14,38,72,0,40,1,0,0,0
5,37,99,0,44,0,1,0,0
25,34,67,0,41,0,0,1,0
19,34,85,1,44,0,1,0,0
0,24,85,1,19,0,0,0,1
8,37,89,0,41,0,0,0,1
23,34,77,0,38,0,0,0,1
0,37,66,0,27,0,1,0,0
10,40,106,0,57,0,1,0,0
0,43,88,1,50,1,0,0,0
22,28,61,0,26,0,0,0,1
32,30,73,0,32,0,0,1,0
20,34,80,1,45,0,0,1,0
0,36,88,1,32,0,0,0,1
6,34,88,0,39,0,1,0,0
18,28,83,0,37,0,0,0,1
7,36,68,0,36,1,0,0,0
10,34,84,1,41,0,0,0,1
0,33,91,0,32,0,1,0,0
0,38,93,0,37,0,0,1,0
16,29,65,0,28,0,0,0,1
7,35,70,0,34,0,0,1,0
7,34,77,0,35,0,0,1,0
20,28,89,0,34,0,1,0,0
8,33,29,1,24,0,0,1,0
20,34,70,0,39,0,0,0,1
8,42,75,1,47,0,0,1,0
2,39,53,0,36,0,0,0,1
28,24,56,0,23,0,0,1,0
28,30,80,0,33,0,0,1,0
19,34,61,0,35,1,0,0,0
22,36,80,0,46,0,0,0,1
0,29,85,1,26,0,0,1,0
27,35,85,0,51,0,1,0,0
18,32,95,1,46,1,0,0,0
1,34.1399798590131,80,0,38,0,0,1,0
0,31,61,0,19,0,0,1,0
2,34,97,0,49,1,0,0,0
0,29,87,0,23,0,1,0,0
12,31,95,0,42,1,0,0,0
10,32,80,0,40,0,1,0,0
6,38,90,0,47,1,0,0,0
4,35,49,0,31,1,0,0,0
0,34,86,0,31,0,0,1,0
5,33,71,0,26,0,0,0,1
5,37,112,0,54,0,0,0,1
28,36,82,1,49,0,1,0,0
2,34,76,0,33,0,0,0,1
0,36,59,0,33,0,0,0,1
0,27,88,0,23,0,0,1,0
10,30,70,1,28,1,0,0,0
19,34,61,1,39,0,1,0,0
0,33,90,1,36,0,1,0,0
3,33,99,0,42,0,1,0,0
9,34,90,1,40,0,1,0,0
20,30,59,1,24,1,0,0,0
0,29,98,0,38,0,1,0,0
24,28,92,0,38,0,0,1,0
1,38,62,0,34,0,1,0,0
16,35,87,0,47,0,0,1,0
27,35,87,0,50,0,0,1,0
0,32,79,0,30,1,0,0,0
10,39,73,0,46,0,0,0,1
5,33,74,1,27,0,0,0,1
17,36,92,0,52,0,0,1,0
